﻿{"cameraMode":{"drawMode":0,"name":"Shaded","section":"Shading Mode"},"sceneLighting":true,"audioPlay":false,"sceneViewState":{"showFog":true,"showMaterialUpdate":false,"showSkybox":true,"showFlares":true,"showImageEffects":true,"showParticleSystems":true},"in2DMode":false,"pivot":{"x":1.8940162658691407,"y":0.4330126941204071,"z":0.10955256968736649},"rotation":{"x":0.33740371465682986,"y":-0.10699255764484406,"z":-0.03863152861595154,"w":-0.9344618916511536},"size":2.628445863723755,"orthographic":true}